Mod,NexusID,PluginGuid
Alchemy Research Redux,90,p1xel8ted.gyk.alchemyresearchredux
Grave Changes Redux,89,p1xel8ted.gyk.gravechangesredux
Get Outta Ma Way,88,p1xel8ted.gyk.getouttamyway
Keepers Candles,87,p1xel8ted.gyk.keeperscandles
Show Me Moar,81,p1xel8ted.gyk.showmemoar
Decomp Delight,86,p1xel8ted.gyk.decompdelight
Where's Ma' Veggies,76,p1xel8ted.gyk.wheresmaveggies
Bring Out Yer Dead,73,p1xel8ted.gyk.bringoutyerdead
Pray the Day Away,72,p1xel8ted.gyk.praythedayaway
Where's Ma' Points,71,p1xel8ted.gyk.wheresmapoints
Give Me Moar,70,p1xel8ted.gyk.givememoar
Economy Reloaded,67,p1xel8ted.gyk.economyreloaded
Regeneration Reloaded,66,p1xel8ted.gyk.regenerationreloaded
FasterCraft Reloaded,65,p1xel8ted.gyk.fastercraftreloaded
Gerry's Junk Trunk,64,p1xel8ted.gyk.gerrysjunktrunk
Wheres Ma Storage,62,p1xel8ted.gyk.wheresmastorage
Beam Me Up Gerry,61,p1xel8ted.gyk.beammeupgerryrewrite
I Build Where I Want,60,p1xel8ted.gyk.ibuildwhereiwant
Max Buttons Redux,59,p1xel8ted.gyk.maxbuttonsredux
The Seed Equalizer,58,p1xel8ted.gyk.theseedequalizer
Queue Everything,57,p1xel8ted.gyk.queueeverything
I Neeeed Sticks,56,p1xel8ted.gyk.ineedsticks
Misc. Bits and Bobs,55,p1xel8ted.gyk.miscbitsandbobs
Apple Trees Enhanced,54,p1xel8ted.gyk.appletreesenhanced
Longer Days,53,p1xel8ted.gyk.longerdays
Thoughtful Reminders,52,p1xel8ted.gyk.thoughtfulreminders
Auto-Loot Heavies,51,p1xel8ted.gyk.autolootheavies
Trees No More,50,p1xel8ted.gyk.treesnomore
Add Straight To Table,49,p1xel8ted.gyk.addstraighttotable
No Intros,47,p1xel8ted.gyk.nointros
Fog Be Gone,46,p1xel8ted.gyk.fogbegone
No Time For Fishing,44,p1xel8ted.gyk.notimeforfishing
New Game At Bottom,43,p1xel8ted.gyk.newgameatbottom
Exhaust-less,42,p1xel8ted.gyk.exhaustless
Save Now,41,p1xel8ted.gyk.savenow
Rest In Patches,125,p1xel8ted.gyk.restinpatches
Moar Pallets,157,p1xel8ted.gyk.moarpallets
Moar Wells,158,p1xel8ted.gyk.moarwells
Dead Giveaway,159,p1xel8ted.gyk.deadgiveaway
